image_no,soc,entropy,median_h,mean_s,lab_b,luv_u,CI,luv_v,median_s,median_r,SI,median_v,mean_r,moisture,soil_type
253,2.5,14.13172982,19,112.1480389,29.46956007,21.06020382,0.438467584,37.05873518,105,193.0,1.906512789,193.0,185.905971,7.68,3
309,2.5,12.5107481,19,135.7319834,18.55511087,11.18420447,0.133434976,18.39179403,129,83.0,0.390725804,83.0,83.84845344,25.85,3
723,2.51,14.07417859,20,55.48196349,10.12380442,5.83651363,0.251832664,13.05893266,50,124.0,0.637953717,124.0,124.114497,21.72,2
481,2.05,14.74588728,16,120.3850247,19.23392464,18.11234057,0.535278523,22.05434938,107,127.0,1.043295086,127.0,130.5761918,77.01,1
470,2.51,12.13594259,19,101.0669244,21.57419998,15.50360789,1.038129314,25.92343844,100,140.0,1.790290785,140.0,139.9026626,0.0,2
323,1.92,14.29748447,20,148.0795998,32.66206099,21.34232884,0.767090143,36.96289509,138,150.0,2.053119007,150.0,148.4399514,14.31,2
534,2.66,14.11256642,17,89.35088489,11.32851402,8.446342532,0.24906988,12.90055755,76,96.0,0.505502841,96.0,97.28310348,60.57,1
274,2.29,12.56725222,22,85.33946508,15.62095815,7.138125105,0.162052454,18.62963596,83,106.0,0.425176857,106.0,106.6364397,0.0,2
12,5.34,14.78650092,18,73.89341518,14.41146271,11.16373759,0.331214571,18.7966095,64,160.0,0.876443863,160.0,155.5428292,86.86,1
277,1.92,13.02078554,21,103.087492,20.40151437,10.56647228,0.434550097,24.17760516,100,120.0,0.763710615,120.0,120.0549665,0.0,2
126,6.72,14.49823598,20,109.9255022,22.21779936,13.479766,0.420091446,27.08096871,98,141.0,1.297058266,141.0,139.8386679,1.03,1
45,3.11,13.24298883,21,76.28156888,19.33765306,10.80353738,0.451013663,25.44344629,74,162.0,1.743983518,162.0,161.6602559,0.0,1
696,1.75,13.82480658,16,103.7830835,21.23309726,20.89125854,0.931604858,25.50528242,99,158.0,1.914477992,158.0,156.0214445,39.6,1
645,2.77,13.27227276,18,112.3020169,19.36756509,13.98253505,0.508340609,21.87084365,106,115.0,0.787470759,115.0,115.1444117,3.96,2
408,1.27,15.18032621,19,112.7398358,20.23995702,14.15792236,0.34276114,25.19700626,90,151.0,1.016796845,151.0,148.2289939,13.6,1
579,2.66,12.73942226,21,72.50564015,10.46716549,5.323131414,0.082629161,12.05143013,67,89.0,0.208464859,89.0,88.61533402,37.0,1
23,1.48,12.46003892,22,102.7449976,25.41573076,12.93439414,0.740292677,31.54245215,100,151.0,2.554788608,151.0,149.6930604,0.0,1
103,1.18,14.49627251,22,127.5933115,32.39009411,16.24950699,0.444325601,39.68541103,116,168.0,2.013245399,168.0,165.0045041,3.91,1
360,2.5,14.07900958,23,101.3103675,22.90810822,9.05935816,0.331182375,28.57375013,94,137.0,1.275254962,137.0,136.4363839,27.6,3
28,1.32,11.94103641,20,69.90407765,16.46758082,10.74261401,0.575721304,21.46389105,69,154.0,2.201644392,154.0,153.7985292,0.0,1
293,2.5,14.62064773,19,96.90908004,14.2439879,8.76367041,0.245904447,16.99208949,81,108.0,0.692602227,108.0,110.9156768,57.41,3
61,3.11,13.96652374,19,88.1398876,17.7059432,12.41619085,0.540528522,22.06862103,81,142.0,1.354423456,142.0,140.6910276,58.85,1
269,2.05,13.26880788,21,120.9175303,26.27425452,15.36246386,0.801526298,30.78574672,118,135.0,1.305660439,135.0,136.5585738,0.0,2
503,1.27,13.62513022,17,125.8756378,17.17186378,13.0357014,0.293398926,17.98303495,116,94.0,0.582259534,94.0,95.5516183,60.16,1
41,1.18,12.84977439,22,95.80610252,22.78078864,11.42765258,0.599703472,28.48574924,93,146.0,1.919228756,146.0,144.3629026,0.0,1
631,1.59,14.15989714,18,97.1711376,22.35249204,16.39160322,0.591598708,28.08541165,93,163.0,1.736668191,163.0,161.8573621,1.41,1
353,1.92,13.85530032,19,149.2288146,28.020636,19.7459901,0.730395531,30.21926021,140,126.0,1.156985332,126.0,125.8885922,33.39,2
472,2.51,14.35906911,19,117.0639403,22.85023616,14.74238397,0.491663689,27.38832033,103,140.0,1.471969794,140.0,138.1796091,0.0,2
437,2.07,13.11459377,18,117.0514987,23.96403198,18.634293,0.795243419,27.77487734,116,136.0,1.403742978,136.0,138.6828563,0.0,1
295,2.5,14.13100328,22,73.79456314,11.45442964,5.228839417,0.143970481,13.97956996,65,99.0,0.481011658,99.0,103.0092674,57.41,3
520,2.77,13.26754787,19,88.43622449,13.70159494,8.59573978,0.204574149,15.78791764,83,100.0,0.434840547,100.0,101.0637556,50.91,2
710,1.59,13.66631313,17,67.97871492,11.48719367,8.386246348,0.388425399,14.18106205,62,121.0,0.72413014,121.0,119.5885882,29.25,1
474,2.77,12.50150067,19,135.1539381,26.85247284,18.11066826,0.830914299,29.5473711,133,125.0,0.760217814,125.0,125.9286312,0.0,2
591,1.27,13.26084077,17,88.35335619,16.31378815,12.7262635,0.671119918,19.65555058,85,130.0,1.110734423,130.0,128.425582,26.02,1
383,2.66,15.12142395,16,92.73612883,14.69067349,12.95625729,0.327724352,18.41461735,74,147.0,0.762018593,147.0,144.4103157,19.2,1
529,1.75,14.60616691,17,115.1788929,19.84629959,15.92722165,0.54450507,23.54538327,98,136.0,1.209473983,136.0,135.3193692,63.76,1
356,1.92,14.46165369,23,78.40407765,17.21618699,7.539949761,0.260973729,22.46817637,69,144.0,1.048416163,144.0,141.9714605,33.39,2
652,2.05,14.2445666,18,123.1615912,29.81739171,23.67930544,0.673919369,36.01419588,114,179.0,2.228292193,179.0,174.2719428,2.19,1
590,1.27,12.76459053,17,108.6651188,15.74693872,11.62484796,0.170807222,16.99349265,103,98.0,0.365163994,98.0,96.77387596,26.02,1
58,6.72,14.42854317,19,84.3511639,15.2289042,10.19973566,0.340840508,18.9324249,75,129.0,0.89256295,129.0,130.0918766,53.32,1
180,1.18,13.58435115,21,126.2144252,30.21534125,17.1291386,0.690541194,35.96683358,119,154.0,2.347452293,154.0,152.0955238,3.23,1
275,1.92,13.98742031,20,138.0539501,28.98235688,18.06077452,0.671053025,32.97339481,132,136.0,1.422220974,136.0,137.589784,0.0,2
190,2.12,14.53766986,21,115.7867706,24.57430645,14.12028854,0.462667025,29.9441138,103,147.0,1.427024004,147.0,144.5935706,0.85,1
51,1.32,13.72347387,20,105.7545839,19.83771306,12.27455395,0.464837604,23.4325755,99,122.0,1.016479046,122.0,123.261639,48.55,1
151,6.72,14.66970901,18,128.2211217,23.25571704,17.11774858,0.497522814,26.9648479,114,132.0,1.27332806,132.0,134.1554129,25.64,1
365,2.07,15.06899343,18,136.0665059,27.66222205,20.37160308,0.461971589,32.84547591,118,161.0,1.376290629,161.0,155.7442004,17.5,1
307,1.92,13.31890651,20,127.2992068,20.3523744,11.75560437,0.253144919,22.02103484,119,101.0,0.557262246,101.0,100.9974091,28.31,2
44,3.11,12.6241574,20,92.84811464,20.57595311,11.86956953,0.672724991,25.43064886,90,139.0,1.555403349,139.0,138.2390784,0.0,1
97,1.49,14.15149804,22,97.49057318,24.02142588,12.00786055,0.380015542,30.71189697,90,160.0,1.512366703,160.0,157.8844467,2.79,1
47,1.38,14.01263731,19,115.5952647,25.45449797,17.29596018,0.672643896,30.61543325,108,151.0,1.794961846,151.0,149.6291853,46.78,1
6,1.22,13.30445934,20,102.0948461,25.68159375,15.82543867,0.658256742,32.19006209,99,163.0,2.193528626,163.0,162.9836177,13.5,1
266,2.5,14.98335925,20,124.9063098,27.77589065,17.22560098,0.38158381,34.42813269,106,175.0,1.422417432,175.0,165.0561424,7.68,3
480,2.05,14.35761471,17,117.5130341,16.71129621,13.96582904,0.371627925,18.60202498,104,107.0,0.786887359,107.0,110.0531928,77.01,1
495,2.66,14.47158852,18,76.99447943,12.94855456,9.199675428,0.321074135,16.10176349,68,124.0,0.746220324,124.0,125.5523956,65.56,1
11,4.43,14.77236308,17,54.15603077,9.790854304,7.764245388,0.269885757,13.02560627,45,155.0,0.604913626,155.0,150.7805724,69.63,1
684,2.77,14.07194191,18,126.3526985,23.13058819,16.99673201,0.667796262,26.37365468,114,132.0,1.484806482,132.0,128.7547632,5.18,2
694,2.05,14.5954644,17,104.6664142,19.41117319,17.05797845,0.566792523,23.50109157,91,152.0,1.36710463,152.0,145.9784957,27.75,1
698,1.75,14.00929383,19,56.25283004,11.59280494,7.109504623,0.318873623,15.32233437,51,145.0,0.947219407,145.0,141.8853237,39.6,1
535,2.66,14.33885958,17,81.48413584,11.94652562,10.11391919,0.346666588,14.29426183,71,115.0,0.647659004,115.0,116.4238879,60.57,1
18,1.31,14.44932319,19,89.69102758,21.04492444,15.04517697,0.38890096,27.22835647,81,178.0,1.33586119,178.0,170.7757494,34.31,1
290,1.92,14.82055006,19,122.6303611,20.06563742,13.15079339,0.36629247,23.51925523,106,119.0,0.998984775,119.0,123.6392498,45.85,2
343,2.5,14.10450582,21,126.1214525,31.79027198,19.58957845,0.607293029,38.45741661,118,170.0,2.444286312,170.0,167.1111288,1.76,3
523,2.07,14.3509491,16,119.4102958,22.07144472,19.7527782,0.752495968,25.58864857,108,142.0,1.612643925,142.0,140.1772561,61.42,1
705,1.59,12.86518124,17,143.0417132,19.93770808,14.4830159,0.213835398,19.69204885,134,92.0,0.437748641,92.0,91.2027264,29.25,1
479,2.77,12.4393705,19,111.5287588,22.03038968,13.80885718,0.521914623,25.47480545,109,123.0,0.727646137,123.0,123.4746492,0.0,2
641,2.51,13.59179952,17,82.84470663,17.52055908,13.73264269,0.669107544,22.04853816,81,151.0,1.757767961,151.0,149.5715681,1.33,2
158,3.11,14.44716014,19,107.084383,20.7700067,14.1651201,0.497543769,25.13962936,97,138.0,1.36123476,138.0,137.7577129,23.27,1
219,2.29,14.96703421,19,100.6278101,20.10930094,13.41417617,0.336388267,25.66819705,83,163.0,1.053060573,163.0,156.8299984,13.35,2
321,1.92,13.6103936,19,142.4910515,23.52193384,15.65056208,0.384105172,24.87872119,135,106.0,0.799176741,106.0,108.2202049,14.31,2
497,2.66,14.12579995,19,61.28828524,9.485814101,5.924746236,0.203559601,11.76594074,53,110.0,0.486188823,110.0,110.419603,65.56,1
143,1.32,14.22376804,20,129.0719667,29.54423996,19.45196136,0.674189688,34.95649601,121,155.0,1.94440503,155.0,154.6189214,1.81,1
508,1.27,13.81598479,18,96.07308275,15.10167273,10.5612407,0.314367553,17.48819832,88,108.0,0.677667634,108.0,109.1168088,60.16,1
566,2.05,13.73570349,16,96.3885523,18.04807205,15.72812302,0.734240338,21.62282334,91,139.0,1.438612738,139.0,137.1435547,33.5,1
200,6.72,14.35035569,20,93.10245934,16.87495398,9.609506829,0.312692095,20.6964435,82,124.0,0.969853529,124.0,124.3194356,0.99,1
440,2.07,13.9629333,19,121.8092714,26.12364855,17.70219348,0.778530179,30.75959506,117,142.0,1.511491815,142.0,143.8972218,0.0,1
298,2.05,13.0225553,21,104.5763114,16.60385678,8.488295482,0.145611837,18.6276029,98,97.0,0.394401084,97.0,96.83484136,27.86,2
56,1.49,13.80573605,20,97.36595185,21.0171687,12.80861815,0.518030532,26.05162056,90,145.0,1.582728675,145.0,142.8477958,39.76,1
541,1.59,14.01560061,17,110.6365792,19.14301444,14.40806579,0.553418387,22.1436843,102,122.0,0.996643734,122.0,122.5668447,45.07,1
651,2.05,14.03822307,17,120.3439892,24.31432748,19.71552898,0.748837767,28.46659636,110,148.0,1.895623367,148.0,145.2138672,2.19,1
681,2.51,13.77324768,19,94.08113441,17.40192392,11.2321095,0.496871593,21.0016409,86,127.0,1.098640744,127.0,124.6907685,2.77,2
20,1.38,13.35948335,22,107.4753069,24.66506552,12.77337398,0.648100168,30.08418771,103,142.0,1.67808977,142.0,141.3242188,0.0,1
522,2.07,14.03725143,16,129.5126355,20.36598306,17.66658165,0.643982884,22.17984426,117,118.0,1.041917205,118.0,116.4559152,61.42,1
619,1.75,13.35323275,18,105.651427,19.70546658,14.12164465,0.747098804,23.10285545,99,129.0,1.319903953,129.0,126.1387317,0.21,1
232,1.92,14.56865087,18,114.820452,25.53246626,20.40575077,0.563596058,31.3711103,102,174.0,1.76573541,174.0,167.5001794,8.89,2
131,3.11,14.08609769,20,106.7639509,25.10279735,15.81392154,0.545323066,31.22450345,99,161.0,1.876385358,161.0,158.6738481,0.98,1
494,2.66,13.64550284,20,63.33631617,9.104014904,4.894029797,0.12995516,10.85704254,58,92.0,0.312120576,92.0,94.66230867,65.56,1
592,1.27,13.01437455,19,103.8180604,17.14571811,11.3107034,0.279362614,19.45142124,98,109.0,0.481988281,109.0,107.435806,26.02,1
38,6.72,13.56136958,20,96.18090322,21.15370636,13.41415885,0.622207117,26.17499176,92,144.0,1.568965935,144.0,144.2184311,0.0,1
450,1.75,13.49742533,19,109.6270528,23.54453474,15.05308982,0.651118925,28.20085366,107,138.0,1.553903208,138.0,139.6139987,0.0,1
237,1.92,14.7639276,19,128.4136639,31.16897763,21.5111863,0.484792259,38.10971382,116,186.0,1.868466784,186.0,175.8468391,8.89,2
416,2.51,15.00164826,17,92.53194754,17.12859475,14.28304648,0.356736754,21.79687927,77,164.0,0.926818701,164.0,156.885523,19.4,2
457,1.59,12.95931481,19,126.5659877,26.0922042,17.52320332,0.965026242,29.68936435,123,133.0,1.193118934,133.0,132.685806,0.0,1
79,6.72,14.700802,19,128.3770528,26.65886839,17.81389848,0.511007625,31.66558762,114,149.0,1.464567858,149.0,147.933514,12.25,1
715,1.27,13.92635849,19,66.81080596,12.80079246,8.289616447,0.382768697,16.37219801,60,136.0,0.981847253,136.0,132.6726921,29.5,1
608,2.77,13.48521105,18,110.1219308,16.79808945,11.33241463,0.27902716,18.59104558,103,100.0,0.602921013,100.0,101.6793686,25.73,2
604,2.77,13.69865897,17,90.91380341,15.7616069,12.17474182,0.425138302,18.68718301,88,119.0,0.818642706,119.0,121.1790099,25.73,2
310,2.5,13.76814578,20,119.3466598,24.37834281,14.79788257,0.618001595,28.53978358,112,133.0,1.341283693,133.0,132.4040179,25.85,3
340,2.5,13.46654639,20,126.0711496,28.15408347,18.09781625,0.808116926,32.88894328,120,146.0,2.028369996,146.0,144.8615474,1.76,3
571,1.75,13.9257017,19,99.07501594,24.73742039,17.67326003,0.518769981,31.3726531,94,178.0,1.796179487,178.0,173.3506059,3.98,1
720,2.51,14.23752148,15,99.67309072,18.98032738,19.06835455,0.81698643,22.8083571,94,148.0,1.469231156,148.0,149.6128428,21.72,2
400,1.59,15.11283134,18,96.18963249,15.48732738,11.19195827,0.280314236,19.5116627,76,138.0,0.748757054,138.0,139.3573422,13.3,1
357,2.5,13.45203276,19,120.3820552,22.26362228,14.80545586,0.493290712,25.22427405,115,120.0,0.978656068,120.0,120.6845902,27.6,3
483,2.05,14.37768858,17,99.79005899,15.43160415,12.14681079,0.375943893,18.11860243,88,116.0,0.805288006,116.0,118.0662468,77.01,1
452,2.66,12.90807889,18,97.07045201,18.30101213,13.11858888,0.554174346,21.63662163,96,123.0,0.969265625,123.0,124.6813815,0.0,1
83,3.11,14.2940207,19,123.3625239,27.51209058,19.12078465,0.57439807,32.94638637,113,158.0,1.726621592,158.0,155.5149673,14.96,1
93,1.32,13.94340743,21,108.5104432,25.92480505,14.46141972,0.586553123,32.08993785,102,155.0,1.774299238,155.0,153.7695313,2.37,1
464,1.27,12.77252975,19,111.904835,23.80597898,16.38187904,0.806238706,28.06475503,110,137.0,1.475372527,137.0,138.1099729,0.0,1
516,2.77,13.63733641,17,116.5925322,19.12176066,14.43157088,0.464948896,21.3395304,109,112.0,0.731634892,112.0,113.2388471,50.91,2
164,1.48,14.24225977,21,124.8583984,33.39861497,19.35977026,0.486660064,41.12453002,116,181.0,2.294698264,181.0,177.0750359,2.6,1
680,2.51,14.13913825,18,108.8728476,23.09950757,18.09107068,0.640877204,28.07553174,100,158.0,1.937877722,158.0,153.4121891,2.77,2
603,2.77,13.36586265,17,114.7983897,15.59914879,12.02339044,0.249958247,16.50946982,107,92.0,0.481370368,92.0,94.15473533,25.73,2
361,2.07,15.03795286,17,120.4672752,21.0158596,17.51380842,0.410572317,25.28828562,102,146.0,1.039032389,146.0,146.0076531,17.5,1
632,1.59,14.03677814,20,106.3840282,20.31446273,12.4666832,0.475916743,24.25940903,97,128.0,1.141540938,128.0,127.6969069,1.41,1
404,1.27,14.85794755,19,111.7924705,23.77066835,16.17754705,0.45328781,29.43565271,98,159.0,1.435464819,159.0,156.1298828,13.6,1
583,2.66,13.23616069,20,79.09400909,11.55823225,6.660360739,0.158356241,13.41992946,71,97.0,0.343333452,97.0,95.54729353,37.0,1
396,1.59,14.15202318,19,86.58797034,18.64322746,12.75872191,0.509478457,23.69691905,80,153.0,1.456028156,153.0,151.1424785,13.3,1
425,2.51,15.15616844,18,111.3717315,21.48667608,16.51424788,0.393790359,26.83958192,91,165.0,1.072481587,165.0,158.7376834,19.4,2
359,2.5,14.24503973,22,72.7479273,16.78881753,8.65680579,0.306793715,22.10236179,67,152.0,1.207321571,152.0,150.2821668,27.6,3
490,1.75,14.13717683,18,88.93963249,15.32946238,10.75018587,0.421631703,18.58392463,79,125.0,0.952603522,125.0,123.2549027,75.9,1
521,2.77,13.76730413,19,95.73156489,16.58741207,10.83938477,0.396144405,19.63608682,89,117.0,0.818480815,117.0,116.8909837,50.91,2
639,1.27,13.93482252,20,110.6841518,24.02065654,15.03592066,0.56925663,29.11786157,102,149.0,1.896981035,149.0,144.490354,1.67,1
674,1.27,13.56409213,19,132.8466996,24.49161413,17.26040785,0.717233708,27.18505926,123,126.0,1.303391836,126.0,123.5799386,4.31,1
15,0.99,14.05548365,21,115.4276148,28.05963592,16.40336662,0.564867767,34.49910441,108,162.0,2.100016312,162.0,159.6281091,4.13,1
49,1.48,13.7689041,19,110.9052734,22.83062649,15.58461183,0.62503459,27.20328923,105,138.0,1.621931102,138.0,138.4635085,46.5,1
205,3.11,14.67415189,20,105.777842,23.13925678,13.83083977,0.391439238,29.01721005,93,158.0,1.328522293,158.0,153.550283,0.84,1
270,2.05,13.08105529,20,109.9330745,24.02376852,14.25068067,0.730736213,28.73145787,107,137.0,1.439212893,137.0,137.4880823,0.0,2
344,2.05,13.21719558,19,137.4839166,21.03954701,13.76608042,0.307274116,21.91133063,129,99.0,0.575781207,99.0,98.99380182,36.1,2
329,2.05,13.27887808,20,108.9331354,21.1398544,12.82179117,0.516490943,24.75384265,104,124.0,1.023760282,124.0,123.5254106,5.25,2
294,2.5,14.47599111,20,76.39016661,11.24725191,6.736429211,0.205309351,13.71435604,65,105.0,0.515515996,105.0,108.6506497,57.41,3
588,1.59,14.01784276,19,110.0013951,18.3447602,12.43795822,0.432566352,21.11616746,100,115.0,0.909671549,115.0,115.1051499,23.77,1
16,0.99,14.7445965,21,121.6249801,28.04520664,16.37981651,0.44245281,34.45187366,107,163.0,1.613534721,163.0,159.1781728,4.13,1
141,2.12,14.51008876,20,124.4437779,24.83228047,15.90210884,0.511788518,29.35868665,112,139.0,1.398399945,139.0,139.0050223,5.03,1
640,2.51,13.11777666,18,96.11314174,15.65684688,11.31714121,0.335056023,17.97772774,91,110.0,0.589973636,110.0,109.5159239,1.33,2
692,2.05,14.40526805,17,90.0007374,16.94729588,13.47098525,0.475255449,21.02983431,79,147.0,1.271838786,147.0,142.3259526,27.75,1
525,2.07,14.32050134,18,120.2011121,21.33307647,16.54405807,0.648200626,24.76643977,105,137.0,1.528194973,137.0,131.2432039,61.42,1
685,2.77,14.38789545,18,123.9842554,26.70298834,20.3011328,0.668269714,31.77044915,113,160.0,1.904273524,160.0,155.1537388,5.18,2
291,1.92,14.66871745,18,101.8740234,14.23544989,10.40848413,0.302819374,16.68121074,87,106.0,0.680920491,106.0,111.4296277,45.85,2
532,1.75,14.25427702,19,107.7340163,19.06560852,13.28986692,0.510346064,22.58570775,95,128.0,1.255880025,128.0,126.3974011,63.76,1
333,2.29,12.88715253,19,118.8729672,20.28666848,12.78483982,0.341399922,22.41439622,113,108.0,0.584498133,108.0,107.7606027,4.3,2
381,1.75,15.05513056,19,125.7526905,23.37241438,16.69184381,0.392127367,28.3779202,106,152.0,1.133681777,152.0,149.1181441,22.3,1
559,2.77,14.24719017,17,118.5501011,19.34207974,14.80145189,0.533668516,22.11537336,106,120.0,0.980350196,120.0,120.5644631,42.7,2
575,1.75,14.21244345,20,102.1308195,23.11571025,14.56596018,0.458206205,28.94143896,92,161.0,1.630119927,161.0,155.1375957,3.98,1
730,2.77,14.32560647,19,75.79878827,13.61264295,9.285008421,0.370750051,17.08116572,67,132.0,0.881526973,132.0,129.4255022,27.98,2
713,1.27,13.77058413,16,115.9300662,24.00320942,21.68208825,0.908737767,28.19380578,110,153.0,2.149490737,153.0,151.4447345,29.5,1
628,2.66,14.11035166,19,94.07555405,18.74760154,12.02224715,0.473292786,23.21182834,84,142.0,1.388369029,142.0,137.5131138,1.65,1
509,2.51,13.66991441,17,128.484375,18.71413343,13.91269227,0.348537076,19.80666799,121,97.0,0.693843624,97.0,100.467614,21.1,2
106,3.11,14.59998102,21,128.0471939,30.55683042,17.54532187,0.465347175,37.2516365,114,168.0,1.850898298,168.0,163.0736408,10.48,1
658,1.75,14.10990355,19,114.2739756,28.13420127,21.02425903,0.565995654,34.74843889,106,181.0,1.988898013,181.0,174.8756776,10.81,1
347,2.05,13.90706319,20,99.58081553,19.90417384,11.33112638,0.450944729,24.21661664,92,130.0,1.142135061,130.0,130.097457,36.1,2
339,1.92,14.35334475,20,142.5399992,33.533337,20.82620248,0.686687373,38.96851717,132,161.0,2.431141698,161.0,157.391761,7.87,2
611,2.07,13.86688514,17,110.4272162,20.60074068,16.5819024,0.734668389,24.13223918,101,136.0,1.490099714,136.0,133.5915976,0.18,1
348,2.05,14.13324445,21,114.8430126,23.62428158,13.25095327,0.497832148,28.30275426,104,137.0,1.456868648,137.0,134.850865,36.1,2
317,2.29,12.93162274,18,126.7040816,17.71543962,11.28767844,0.180543646,18.21738574,120,88.0,0.378103216,88.0,88.81881776,13.59,2
714,1.27,13.33034448,17,110.1355827,18.25266872,14.23372085,0.544797619,20.6100031,102,117.0,0.78955177,117.0,115.0269452,29.5,1
311,2.5,13.33941687,20,124.0411551,22.63014741,12.96963448,0.398068493,25.38823501,117,114.0,0.779916492,114.0,114.1314373,25.85,3
264,2.5,14.49172456,20,115.849709,28.38067018,19.02707391,0.415041197,35.47090621,105,185.0,1.746774629,185.0,175.1003667,7.68,3
546,1.27,14.1501045,17,114.481545,17.57672424,13.62089464,0.410834511,19.82821721,102,112.0,0.893754846,112.0,112.7204241,55.97,1
299,2.05,13.02077385,20,109.1759606,17.7029215,9.689302296,0.177123024,19.77897207,103,100.0,0.41635554,100.0,100.0921755,27.86,2
636,1.27,13.69556112,19,100.5358937,24.00212309,17.00720845,0.610530216,29.99251663,97,167.0,2.048801701,167.0,163.0525151,1.67,1
663,2.66,13.64574321,17,108.6372967,18.94719574,14.41735009,0.654570981,21.93476569,99,125.0,1.117289908,125.0,122.6851483,10.69,1
429,2.77,15.11267487,19,115.3785674,22.80090964,15.05847847,0.36525404,28.37732976,97,159.0,1.167044601,159.0,153.693758,18.6,2
515,2.77,13.25573079,17,129.5903619,16.77074645,12.16473347,0.210210338,16.95216496,121,86.0,0.475094026,86.0,87.62143256,50.91,2
626,2.66,13.91239872,17,80.94610969,17.65723432,13.89972073,0.522905418,22.55768969,76,162.0,1.509762452,162.0,157.4114716,1.65,1
454,2.66,13.99975839,19,115.0432278,25.10780605,16.88667646,0.703493481,30.08084034,110,145.0,1.646734053,145.0,146.6281091,0.0,1
64,1.38,14.16383238,21,126.478137,29.34781747,16.58061546,0.582658687,35.05623157,118,152.0,1.855681313,152.0,150.6662946,6.86,1
152,6.72,14.58173575,19,111.4806282,19.88403348,14.08857142,0.44668196,23.64451262,99,129.0,1.129590074,129.0,130.6450694,25.64,1
433,2.77,15.05026624,18,104.2106784,18.6351263,14.59127864,0.361373283,23.30187353,86,154.0,0.962596442,154.0,150.4654616,18.6,2
167,2.12,14.55757211,22,112.4115115,25.73131108,13.68248613,0.408469965,32.01537339,100,157.0,1.48537349,157.0,153.4089804,5.03,1
55,1.49,13.63469672,20,95.0127551,19.33637554,11.5560495,0.512519031,23.70657489,88,135.0,1.298189206,135.0,132.890346,39.76,1
561,2.77,13.61481813,19,111.5778061,18.65992254,12.46474089,0.407419772,21.16613145,104,111.0,0.783571622,111.0,111.6801459,42.7,2
134,1.38,14.1048234,20,142.3399833,30.64861096,19.21811355,0.709954982,34.82768068,134,142.0,1.83766853,142.0,142.1470225,19.4,1
89,1.48,13.90486492,22,104.5440051,27.30332519,14.57301826,0.477631525,34.55754161,99,168.0,2.021038532,168.0,166.3104074,5.1,1
17,1.31,14.74362522,19,99.54017857,21.71090729,15.44275975,0.416578934,27.51836155,88,168.0,1.340567284,168.0,162.1806441,34.31,1
585,1.59,13.94527218,17,86.14120297,15.35706072,12.11403697,0.475179741,18.63121043,82,126.0,0.919973414,126.0,128.3560866,23.77,1
650,2.77,13.85750138,19,117.7196468,22.40286593,14.56367283,0.537470263,25.96406868,110,126.0,1.283760663,126.0,126.4819037,3.96,2
325,2.5,13.17001224,19,127.0714286,24.31206446,15.2586047,0.561547861,27.28389258,121,122.0,1.00523474,122.0,121.5195711,5.62,3
322,1.92,14.27111249,20,131.8194754,28.9784688,19.06289674,0.682998165,33.89918246,122,150.0,1.893548055,150.0,148.816486,14.31,2
661,1.75,14.03800242,19,110.37215,23.36545465,15.03782413,0.55574419,28.34910108,100,149.0,1.803978673,149.0,144.0292769,10.81,1
538,2.66,14.28911021,19,82.11065051,12.83177174,8.549476901,0.315432112,15.5908895,71,116.0,0.653017782,116.0,115.0535116,60.57,1
177,6.72,14.35772791,20,101.6217116,22.1468777,14.05034664,0.441999773,27.57160295,93,152.0,1.43728208,152.0,149.8735651,7.26,1
137,1.48,13.76246221,20,130.1287468,27.7624632,17.78281239,0.779897387,32.05904609,123,140.0,1.634844986,140.0,139.83524,19.86,1
722,2.51,14.14820452,19,58.81431362,11.35329095,7.164200824,0.319563211,14.76461628,54,134.0,0.834941406,134.0,134.4405493,21.72,2
539,2.66,14.04180118,20,73.40784439,10.78268198,6.529925583,0.211699562,12.99732459,63,104.0,0.506669975,104.0,104.3928173,60.57,1
486,1.75,13.85853881,17,118.3707749,16.80852259,12.97412133,0.332256886,18.2646241,106,102.0,0.662148187,102.0,102.171596,75.9,1
708,1.59,14.02491349,21,52.42020089,10.94791157,6.062831311,0.261904351,14.53500009,48,140.0,0.848874342,140.0,138.3143734,29.25,1
230,1.92,14.52657694,18,114.6350048,27.07027887,21.79068355,0.518147914,33.5824952,103,187.0,1.661030493,187.0,177.9884606,8.89,2
593,1.27,13.4618485,19,113.1506497,19.6734065,13.47122183,0.528447124,22.40910242,105,118.0,0.850184821,118.0,116.2437022,26.02,1
154,1.18,13.87255548,20,140.9520886,32.87979933,22.00949264,0.892511987,37.75750171,133,156.0,2.313487995,156.0,154.9745297,22.42,1
487,1.75,14.12488851,17,108.4913704,18.8458096,15.53581236,0.589112317,21.94648212,100,126.0,1.048073196,126.0,127.5847018,75.9,1
633,1.59,14.20969431,20,106.2021484,21.74872747,13.62479018,0.492717596,26.4256917,97,140.0,1.417835607,140.0,138.5627392,1.41,1
473,2.51,12.84421184,19,105.2197266,21.37142158,13.63303064,0.663489246,25.30297769,102,130.0,1.079259766,130.0,129.3668288,0.0,2
466,1.27,13.67738596,20,115.8836097,25.50108007,15.61336454,0.744329267,30.44012995,111,143.0,1.714691619,143.0,142.3948701,0.0,1
542,1.59,13.55133778,19,106.2795958,15.25456969,9.617931322,0.228446703,16.8817495,96,96.0,0.476718632,96.0,96.07521524,45.07,1
320,1.92,14.01660319,19,148.8527583,31.8150637,22.41914039,0.821714105,35.34168458,141,143.0,1.792856578,143.0,144.0091079,14.31,2
345,2.05,13.42225946,19,128.412488,21.20949516,13.87118836,0.392249484,23.0645051,120,108.0,0.713626482,108.0,107.7458745,36.1,2
510,2.51,13.96572702,17,116.939493,20.46912215,16.11057854,0.518302534,23.28769899,111,119.0,1.028983572,119.0,123.5454401,21.1,2
718,1.27,13.79737478,21,58.05106027,11.03884903,6.252151115,0.297299008,14.26919471,52,130.0,0.828884825,130.0,127.1402065,29.5,1
630,1.59,13.75736607,18,102.6056282,18.57240726,13.27638196,0.567066178,21.86762219,96,124.0,1.143840678,124.0,124.0954241,1.41,1
646,2.77,13.65400946,18,97.57824458,21.05269114,16.43697808,0.776726003,25.86264168,96,152.0,1.916654067,152.0,150.8484534,3.96,2
224,2.29,14.94031541,19,110.9740115,20.51901442,13.55334055,0.344090432,25.69739784,90,153.0,1.030818032,153.0,149.0190529,13.35,2
477,2.77,13.00572529,20,120.7349131,25.89151166,16.42736037,0.92510112,30.12277449,117,137.0,1.507369566,137.0,136.4569515,0.0,2
349,2.29,13.10644758,18,123.5580756,18.34997244,12.30784414,0.235630231,19.46471341,115,97.0,0.471083422,97.0,96.84956952,32.6,2
337,1.92,13.65905041,19,129.2172553,25.7639301,16.44913481,0.697038839,29.34340472,122,130.0,1.355132897,130.0,130.0114597,7.87,2
26,2.12,12.67339259,21,89.33396445,20.7221462,10.89858522,0.632570192,26.04073868,87,142.0,1.911295685,142.0,141.9146604,0.0,1
247,1.92,14.79803483,19,123.5987325,28.04319848,18.97367503,0.445196914,34.44765921,110,177.0,1.606826634,177.0,166.370456,8.89,2
209,2.05,15.03932931,20,109.2850566,23.25013286,14.71291035,0.383682394,29.2918048,94,165.0,1.224433258,165.0,158.6043128,13.26,2
370,2.07,15.09917709,17,124.5685587,23.68409991,19.10373646,0.456196733,28.6451307,106,159.0,1.235162042,159.0,154.9997808,17.5,1
86,1.38,13.86428058,21,99.69529257,24.18840747,13.43267862,0.515442098,30.4593987,95,157.0,1.76239758,157.0,155.6067243,2.73,1
389,2.66,15.17402711,17,98.55813536,16.97828779,14.29122935,0.358960454,21.33704865,80,156.0,0.897748636,156.0,150.956832,19.2,1
489,1.75,14.02192648,18,101.5958825,16.85097873,11.69800687,0.423093178,19.74113154,91,117.0,0.971736773,117.0,116.7081473,75.9,1
568,2.05,13.82700731,18,116.9287907,20.47483361,15.70529981,0.712360686,23.42296633,105,128.0,1.334305447,128.0,123.993463,33.5,1
204,3.11,14.47239021,20,102.621293,21.45851055,12.78487843,0.405440743,26.6650556,91,147.0,1.337678055,147.0,144.2889031,0.84,1
446,1.75,13.05138001,19,111.0230788,22.85002894,15.52583125,0.630980669,26.86416273,110,132.0,1.258819275,132.0,133.8780493,0.0,1
53,2.2,14.18941977,19,103.0620615,21.01651455,14.29466091,0.533039204,25.68298883,95,143.0,1.451034298,143.0,141.9511918,51.05,1
335,2.29,13.92412105,20,118.5010961,28.51285293,17.70684105,0.660685943,34.58261887,112,159.0,2.209306277,159.0,158.1998764,4.3,2
81,1.18,14.09683903,21,132.0314094,32.19194576,19.19711402,0.675181432,38.25692015,123,161.0,2.409024813,161.0,159.659379,7.07,1
537,2.66,14.27005708,19,76.86692841,11.75936731,7.742975923,0.278864363,14.35401568,66,113.0,0.632418953,113.0,113.1430963,60.57,1
654,2.05,14.10130663,19,116.671317,26.28681057,18.58117727,0.66757971,31.75081145,107,159.0,1.919704266,159.0,155.8513433,2.19,1
355,1.92,14.34799318,20,110.9972098,23.33061565,14.1942914,0.513763479,28.39246585,101,145.0,1.557912406,145.0,142.6919244,33.39,2
716,1.27,14.04310675,20,62.78358179,12.75777852,7.718591377,0.323064517,16.66238024,56,143.0,1.068439195,143.0,139.3312141,29.5,1
445,1.75,13.48375873,19,126.894312,27.07050628,18.1622154,0.823405088,31.22613076,124,137.0,1.289191607,137.0,139.5114796,0.0,1
707,1.59,13.82223509,19,64.19238281,11.60294314,7.385106394,0.348360093,14.66906161,59,125.0,0.80054336,125.0,123.7516741,29.25,1
187,1.38,14.01856163,21,113.3550502,24.42959093,13.51370709,0.542609339,29.49720078,104,141.0,1.485390179,141.0,139.3576212,0.82,1
251,1.92,14.95183202,20,124.5090282,26.35280113,16.8439789,0.400037899,32.31640584,108,164.0,1.368729428,164.0,157.2653261,8.89,2
374,1.75,15.06868157,19,117.6030373,21.12780325,13.83595419,0.332549732,26.03813213,97,144.0,0.996701316,144.0,143.9204799,22.3,1
612,2.07,14.25687893,17,101.2548031,23.47447998,19.44268223,0.595230713,29.33388005,96,174.0,1.831745948,174.0,170.4366032,0.18,1
570,1.75,13.7860124,18,104.0863959,20.09274055,14.75652453,0.705493471,24.03240571,95,138.0,1.606599035,138.0,134.7557996,3.98,1
155,1.18,13.85525333,21,132.1378149,30.16329012,17.80345967,0.722312547,35.26287749,124,149.0,2.180953412,149.0,147.2827846,22.42,1
711,1.59,13.58817794,18,94.75402583,16.07048977,11.3057703,0.399789654,18.926327,87,117.0,0.836779254,117.0,116.5357741,29.25,1
689,2.77,14.08990165,19,117.858239,23.29739827,15.56247416,0.605627716,27.43765979,108,138.0,1.613420242,138.0,135.0241749,5.18,2
455,2.66,13.64804026,19,103.5742586,20.06978936,12.89829419,0.525687505,23.88031694,99,126.0,1.139855934,126.0,127.5383251,0.0,1
625,2.66,13.5995005,18,89.99537628,15.52890722,11.49622886,0.479758809,18.56155667,82,125.0,1.0810561,125.0,121.3474171,1.65,1
451,2.66,13.26806789,19,121.5355947,21.69915881,14.43176121,0.399941366,24.24944797,118,113.0,0.794431118,113.0,115.7389987,0.0,1
637,1.27,13.79904295,20,108.542889,22.29664373,13.50354639,0.577152179,26.76906473,101,138.0,1.618918073,138.0,134.6222696,1.67,1
666,2.66,13.73047063,20,93.36009247,18.46423993,11.75981483,0.538359163,22.62490922,86,135.0,1.41658713,135.0,132.5095265,10.69,1
614,2.07,14.47028036,19,126.3037109,25.44308418,17.85492835,0.588150054,29.92946647,113,147.0,1.655720927,147.0,143.1385124,0.18,1
540,1.59,13.6754601,17,120.7763672,16.39273427,12.43510136,0.291736337,17.38617609,110,95.0,0.571504895,95.0,95.93277663,45.07,1
7,1.22,14.18959667,19,90.81090561,22.59476564,15.26672661,0.430063861,29.16849333,85,174.0,1.635630565,174.0,171.9700853,13.5,1
469,2.51,12.56526555,19,121.7070113,23.06926216,15.72786051,0.523750282,25.8452014,119,121.0,0.741988291,121.0,120.8545918,0.0,2
372,1.75,15.05112011,17,95.88598135,16.48856432,12.98269569,0.320261815,20.69093075,79,148.0,0.843548322,148.0,145.0499841,22.3,1
114,2.12,14.29714373,21,112.1412428,26.63195384,15.37451073,0.476172354,33.08449466,102,163.0,1.621264421,163.0,159.0136121,0.85,1
572,1.75,13.80586386,20,98.38139748,20.89014783,12.47858414,0.511299336,25.76207189,91,143.0,1.4787994,143.0,139.6617506,3.98,1
116,1.32,13.59067464,21,114.0396006,26.6056672,15.50386649,0.718424307,32.23657376,109,150.0,1.894786755,150.0,149.1075614,0.69,1
584,1.59,13.48877533,17,105.0434271,14.47190312,11.25490977,0.252752637,15.76411101,97,96.0,0.497515669,96.0,97.0866749,23.77,1
148,1.49,14.30116183,20,120.8449657,25.9561604,16.07178282,0.595782694,31.05321107,111,146.0,1.629240326,146.0,145.015904,2.36,1
305,1.92,12.96324341,19,139.0507215,20.04971565,12.45273605,0.197944646,20.3102505,132,90.0,0.506202861,90.0,90.81228077,28.31,2
242,1.92,14.45732222,19,120.9628308,28.89243509,21.02569195,0.540255091,35.34737942,110,179.0,1.968028684,179.0,171.4870057,8.89,2
467,1.27,13.77974099,19,121.0443439,25.45229909,16.81589673,0.742368259,29.81984739,116,139.0,1.53827338,139.0,139.1293447,0.0,1
63,3.11,13.98314857,19,99.77736368,19.47849436,13.2065762,0.557821011,23.69780498,91,137.0,1.401336509,137.0,135.4589644,58.85,1
657,1.75,13.88328534,18,125.9994619,24.37549381,18.2055932,0.758493465,28.0055371,115,140.0,1.78894479,140.0,135.2820671,10.81,1
303,2.29,13.5240095,19,108.820173,21.42607851,13.57499763,0.547249539,25.26747031,103,128.0,1.200093894,128.0,128.0233179,29.46,2
683,2.51,14.04045576,19,101.2692522,19.39558357,12.94286534,0.553623473,23.43287597,92,135.0,1.407033613,135.0,132.0981545,2.77,2
122,1.49,13.97084294,21,106.3083546,24.10742788,13.71467054,0.502062023,29.75317239,98,150.0,1.581913066,150.0,147.782665,0.62,1
156,3.11,14.42570349,19,123.6114278,25.64272902,17.06120541,0.585901537,30.40026835,113,145.0,1.516833098,145.0,143.9930046,23.27,1
72,2.2,14.16699732,20,118.3880939,26.61723828,16.24002752,0.549748548,32.19069008,109,153.0,1.754154227,153.0,150.396863,10.52,1
401,1.59,15.11871624,17,89.15310108,13.72359764,11.20270069,0.286869757,17.31411257,70,139.0,0.678296927,139.0,139.865633,13.3,1
664,2.66,14.05927315,18,101.4542012,22.8927718,17.99040194,0.580295246,28.46741545,94,168.0,1.859104707,168.0,162.8016781,10.69,1
105,3.11,14.25445723,21,103.6583426,23.86476567,13.90229358,0.43857271,29.8752658,94,157.0,1.532240433,157.0,153.9855309,10.48,1
262,2.5,14.63260605,20,116.6809232,27.07327186,17.34375877,0.422971385,33.68336016,105,176.0,1.815544654,176.0,166.0764708,7.68,3
175,1.49,14.26250485,21,115.9605588,29.19794939,16.02102011,0.465729798,36.26700753,107,168.0,1.905954879,168.0,164.8631816,2.36,1
551,2.51,13.74394435,19,111.6458466,19.65440678,13.82060593,0.545115991,22.61322892,104,120.0,1.057110784,120.0,119.8338249,4.44,2
405,1.27,14.39744708,19,97.127272,21.14497362,14.20672217,0.479521869,26.57806211,88,157.0,1.512423448,157.0,153.462771,13.6,1
292,1.92,14.36231674,20,93.30044244,14.87244312,8.966690002,0.251012611,17.8488149,83,110.0,0.645187538,110.0,113.7234136,45.85,2
308,2.5,13.45931262,19,129.6444515,24.753288,17.18050009,0.675374887,27.6673752,124,125.0,1.115734526,125.0,125.4611767,25.85,3
410,1.27,15.04201379,19,103.617626,18.79222899,13.47004207,0.366069629,23.42426766,85,148.0,1.063066918,148.0,145.2157605,13.6,1
511,2.51,13.76626211,19,104.3129385,16.94161071,11.21521562,0.328219773,19.36869869,98,106.0,0.755594725,106.0,108.8990553,21.1,2
598,2.51,13.73972178,18,87.38279257,19.17418859,14.33086576,0.67636426,24.15198892,84,154.0,1.761454206,154.0,153.1445512,1.66,2
501,1.59,14.04346022,19,96.17861129,15.81758632,10.39153287,0.338456186,18.65711055,86,113.0,0.775995703,113.0,113.944595,51.52,1
665,2.66,13.36400716,18,101.228117,17.14194066,12.26036226,0.503932439,19.86248338,93,118.0,0.928458485,118.0,115.5232581,10.69,1
461,1.59,13.13228622,20,122.1332111,25.42091463,15.08321526,0.74849914,29.35844115,118,130.0,1.292882429,130.0,130.3145528,0.0,1
415,1.27,15.11409652,19,106.1569675,20.39695006,13.58744699,0.329336906,25.76788594,86,157.0,1.005928474,157.0,152.8766342,13.6,1
136,1.48,13.91683637,20,130.7357302,29.83606423,19.56225034,0.737041264,34.93713468,123,152.0,2.071200376,152.0,151.5737006,19.86,1
19,1.31,14.45816692,19,98.25243144,22.38156081,16.02175846,0.427462244,28.54217676,88,174.0,1.393296657,174.0,167.9445552,34.31,1
302,2.29,13.01188223,20,104.7202049,17.15118324,9.799839505,0.205317294,19.37146696,98,103.0,0.430415706,103.0,102.2869699,29.46,2
272,2.29,13.96560159,20,120.1455676,24.65746105,14.63347993,0.554796011,29.01294245,114,133.0,1.340630666,133.0,133.9261998,0.0,2
35,1.49,12.74096371,22,88.8082948,21.70339217,10.90890282,0.521455838,27.6287869,86,150.0,2.347138528,150.0,148.82954,0.0,1
243,1.92,14.42418182,19,123.8240195,30.82033268,21.466053,0.491511695,37.8626102,112,186.0,1.862210032,186.0,177.3977997,8.89,2
599,2.51,13.47900394,20,94.28142937,17.3666363,10.60771012,0.420264069,20.7579812,88,121.0,0.875202107,121.0,119.6488361,1.66,2
127,6.72,14.63280204,20,117.5979751,24.57517204,15.24824389,0.447143738,29.86435729,104,149.0,1.435159221,149.0,146.7417092,1.03,1
621,1.75,14.10169677,20,104.2211615,22.43504217,13.82162682,0.489722968,27.66850591,94,151.0,1.742662107,151.0,145.6343272,0.21,1
98,1.49,14.24365562,22,92.91430166,23.20609535,11.99854164,0.351639837,30.02966401,85,166.0,1.452527188,166.0,162.5595105,2.79,1
653,2.05,14.07060102,19,110.4400909,24.04542985,17.02459969,0.642756887,29.19035665,102,153.0,1.810932543,153.0,150.7706473,2.19,1
85,3.11,14.43392979,20,119.60511,26.1513633,17.23580338,0.503640162,31.61376513,108,156.0,1.694390704,156.0,152.3059232,14.96,1
314,2.05,13.83013699,20,114.5569396,22.78868941,13.20011687,0.513738713,26.8418134,107,129.0,1.241130013,129.0,128.1848095,12.44,2
59,1.18,13.85401045,20,121.4832589,26.56302387,17.09867837,0.699259388,31.43985398,114,145.0,1.802034073,145.0,144.7016303,48.3,1
32,2.2,12.44980918,21,90.06299825,21.09028803,11.14222079,0.637649617,26.49608285,88,144.0,2.125487546,144.0,143.069874,0.0,1
74,1.49,13.99949086,21,114.9191247,27.06999352,15.82737228,0.533514327,33.11361126,106,158.0,1.915886187,158.0,154.4303651,8.04,1
706,1.59,13.93616217,16,108.8127192,21.41832992,19.91458405,0.909114171,25.32925269,103,148.0,1.812435322,148.0,147.082111,29.25,1
119,2.2,13.770426,20,112.8984176,25.54194887,15.16114512,0.643483256,30.93498881,107,148.0,1.772668747,148.0,146.5186344,0.87,1
129,1.18,14.07374633,21,123.6192203,31.06040883,17.94193993,0.58637656,37.74502209,116,165.0,2.30591355,165.0,163.5931322,0.68,1
402,1.27,14.9013951,19,104.1661352,21.36945991,14.42775104,0.402226935,26.74862615,90,155.0,1.262172776,155.0,152.5811942,13.6,1
695,1.75,12.84887038,17,138.6760403,20.26877132,15.05115125,0.233272232,20.54697531,130,99.0,0.418760532,99.0,96.5946867,39.6,1
273,2.29,14.4739841,19,110.8056297,20.15765693,13.17037817,0.481618216,23.97596651,98,129.0,1.245002186,129.0,128.2927475,0.0,2
726,2.77,14.31483549,16,106.540338,20.74734723,20.16071965,0.802702427,24.76523266,100,152.0,1.616688306,152.0,151.0123565,27.98,2
417,2.51,15.10088982,17,91.4477838,15.65929487,12.66110252,0.311967265,19.90221813,73,154.0,0.799875947,154.0,149.3391661,19.4,2
548,1.27,14.17759783,19,102.809929,17.59137539,11.94353283,0.429030873,20.82452394,92,120.0,0.980665609,120.0,121.0031091,55.97,1
547,1.27,14.42554625,17,109.7090668,19.49785145,15.65407246,0.57001992,22.9796566,100,130.0,1.065423098,130.0,132.0884675,55.97,1
659,1.75,13.84580276,19,105.7814892,21.11234256,13.42238937,0.54710335,25.43342231,96,138.0,1.589746772,138.0,134.2266821,10.81,1
139,2.12,14.3076545,19,110.4939015,22.02505101,15.29668032,0.531295366,26.48528858,101,140.0,1.471343686,140.0,140.0151865,5.03,1
581,2.66,13.33874587,19,79.47720026,11.90764735,7.099395461,0.207517565,13.94089747,72,100.0,0.426330259,100.0,99.17546237,37.0,1
171,2.2,14.06505819,21,114.2053372,28.08364406,16.97493012,0.558312351,34.65635703,106,166.0,2.050483233,166.0,162.8484136,4.12,1
332,2.29,13.85809411,20,118.9918802,25.05114377,15.97492074,0.676949747,29.50164126,112,139.0,1.63891994,139.0,138.1647463,4.3,2
259,2.5,14.32317206,20,112.3746014,28.72853974,19.25500018,0.386534386,36.27820913,103,193.0,1.710867182,193.0,181.5543288,7.68,3
96,2.2,14.10156579,21,98.1301419,23.71183199,13.01780488,0.441019034,30.10414382,91,160.0,1.607494609,160.0,157.351144,4.33,1
569,2.05,13.76782095,17,118.1723533,19.6973132,15.16945031,0.690990023,22.17825201,107,121.0,1.114417614,121.0,117.7638911,33.5,1
176,1.49,14.24734568,22,104.3893495,25.31940066,13.88196178,0.459931259,31.93868394,96,162.0,1.631361552,162.0,159.46307,2.36,1
130,1.18,13.96226278,21,125.1421795,30.09330336,17.45332589,0.637581082,36.10341878,118,157.0,2.221075233,157.0,155.6548948,0.68,1
153,1.18,13.75656032,20,140.0024514,31.63344818,20.6574097,0.859935222,36.12996452,133,149.0,2.108339684,149.0,148.3475167,22.42,1
673,1.59,14.14487528,19,113.3100287,24.18928387,15.8266088,0.577966007,29.19380586,104,148.0,1.792384796,148.0,145.2864517,3.65,1
191,1.32,13.91059086,20,113.5814931,26.96419839,16.08254658,0.645941621,32.98458707,107,156.0,2.011638798,156.0,154.9829002,0.74,1
142,1.32,13.89459794,20,126.7342953,28.64314521,18.41322505,0.725068336,33.73483009,121,149.0,1.898723427,149.0,149.114198,1.81,1
431,2.77,15.04788355,19,109.8951491,21.27927207,14.86762312,0.382447014,26.46207252,93,156.0,1.153492155,156.0,151.0950454,18.6,2
197,1.49,14.25569383,21,114.3742427,26.6309209,14.72395938,0.518179571,32.73758696,105,154.0,1.607453035,154.0,152.7241709,0.67,1
261,2.5,14.83195696,20,119.0496652,27.99283053,17.66920246,0.378776287,35.01467001,105,184.0,1.487496277,184.0,170.9154377,7.68,3
296,2.05,13.24038441,19,123.1902702,21.66841339,14.17958986,0.409878449,24.06937612,117,113.0,0.740541525,113.0,113.6550941,27.86,2
670,1.59,14.14990922,19,115.5296755,28.11538991,20.43353273,0.639465477,34.53581493,109,174.0,2.119804644,174.0,170.597437,3.65,1
460,1.59,13.10571944,20,117.7305086,25.38813329,15.33954311,0.856354349,29.818729,114,137.0,1.580224471,137.0,136.0941885,0.0,1
306,1.92,14.06325346,20,126.5136918,25.23030979,15.9671827,0.62565131,29.23022948,117,134.0,1.482141407,134.0,133.1910874,28.31,2
647,2.77,13.68932396,19,114.9683913,20.87604587,13.45026906,0.480598563,24.00601481,107,120.0,1.054965843,120.0,119.8077567,3.96,2
198,6.72,14.65777237,20,103.5489676,19.92562013,11.70515229,0.352712886,24.54792487,90,137.0,1.086588007,137.0,135.7725008,0.99,1
257,2.5,14.81484251,19,118.9112524,27.58565276,18.94411961,0.432562451,34.28005125,105,182.0,1.540762957,182.0,170.9491191,7.68,3
319,2.29,14.16593497,20,124.4216159,27.17114181,17.46339148,0.630678491,32.11417854,116,146.0,1.748969341,146.0,145.9495177,13.59,2
183,3.11,14.20569127,21,109.2786392,25.20279954,14.38002487,0.481403667,31.20561491,101,155.0,1.608623494,155.0,152.5990912,4.43,1
118,1.32,14.30738083,21,129.2439015,33.00757826,19.45677411,0.568716715,39.99984468,120,172.0,2.438190383,172.0,169.5285993,0.69,1
553,2.51,13.93013072,20,100.0724251,19.62098813,12.1773829,0.50720195,23.74411968,93,131.0,1.22878233,131.0,130.5284399,4.44,2
504,1.27,13.82143603,17,112.2456952,18.11331953,15.07474824,0.479853115,20.37877438,105,114.0,0.814612656,114.0,116.333526,60.16,1
313,2.05,13.16196567,19,124.1799267,19.84564046,12.22373375,0.29512117,21.43115022,117,101.0,0.516850946,101.0,101.2412109,12.44,2
518,2.77,13.48174525,19,92.94716598,14.85707424,9.293247787,0.248678561,17.21584088,87,104.0,0.510630913,104.0,105.2289142,50.91,2
528,1.75,13.88230964,17,119.3223653,18.04807249,13.96977444,0.437605165,19.89864491,107,109.0,0.821628824,109.0,108.5413544,63.76,1
676,1.27,13.40511313,20,105.9119699,20.90202644,12.4386007,0.553409246,24.83735872,98,129.0,1.262079206,129.0,126.6671915,4.31,1
202,1.18,13.90828684,22,110.7124322,25.99312184,13.83691747,0.546921335,31.97247707,103,152.0,1.771630441,152.0,149.5169404,0.76,1
212,2.05,15.0052021,20,105.6810029,22.19053941,12.95455125,0.405281493,28.07453019,91,160.0,1.209725185,160.0,153.4504544,13.26,2
371,2.07,15.14388748,18,121.0845823,22.4756569,16.8123517,0.404876108,27.32087278,102,152.0,1.1206067,152.0,149.0135124,17.5,1
725,2.77,13.03618983,17,132.2504385,17.50516516,12.58136497,0.189997019,17.56169855,124,88.0,0.422304867,88.0,87.86306202,27.98,2
240,1.92,14.88794789,19,132.7224171,30.92324779,22.01442461,0.49833432,37.40835174,119,181.0,1.745318473,181.0,172.0515784,8.89,2
669,1.59,13.85922053,18,129.7419085,24.29959824,17.5164572,0.679435854,27.42727936,119,131.0,1.371298479,131.0,128.3915617,3.65,1
563,2.77,13.53509809,19,114.9938616,18.08681555,12.02999784,0.337098753,20.07565497,107,105.0,0.643622865,105.0,105.0380461,42.7,2
699,1.75,14.0861032,19,62.81582828,11.586002,7.602130497,0.343474215,14.91107543,55,136.0,0.914437703,136.0,132.0247927,39.6,1
80,1.18,13.95919457,21,129.4386559,30.24916119,17.85726293,0.682839252,35.73069915,122,152.0,2.161013289,152.0,151.1367785,7.07,1
709,1.59,14.20535832,20,54.90792411,11.48004648,6.593727994,0.258023859,15.24936158,50,144.0,0.892785693,144.0,141.5779456,29.25,1
513,2.51,14.00555487,18,107.7439413,18.77349891,13.08682156,0.430196365,21.79939771,101,116.0,0.973658092,116.0,119.6439134,21.1,2
351,2.29,14.09314938,19,114.4323182,24.63171768,16.66088243,0.645978788,29.60283229,106,148.0,1.739468364,148.0,146.5820313,32.6,2
719,2.51,13.28854909,17,126.7069914,17.19799178,12.63384709,0.234512224,17.75126353,119,91.0,0.490317748,91.0,92.17711655,21.72,2
338,1.92,14.22572732,21,129.7888831,30.93206566,19.1068175,0.628620645,36.87443851,121,161.0,2.255259935,161.0,158.6486169,7.87,2
68,2.12,14.44186811,20,124.2060746,26.17796897,15.87113249,0.465187205,31.27867139,111,146.0,1.561901953,146.0,144.3299187,12.83,1
386,2.66,15.04586279,17,92.4517897,14.78791122,12.32846688,0.311212621,18.62557607,73,146.0,0.745199553,146.0,143.8310547,19.2,1
462,1.59,13.05303652,20,115.3394053,24.56707119,15.29215544,0.795432096,28.88343034,111,136.0,1.570111162,136.0,135.2559391,0.0,1
420,2.51,15.07280825,18,97.53854432,17.7117501,13.26748063,0.322064198,22.47752944,79,158.0,0.898362932,158.0,151.7302097,19.4,2
88,1.48,13.75343567,21,114.471321,28.52628432,15.59406153,0.556322348,35.08350255,109,160.0,2.130419545,160.0,158.2756696,5.1,1
527,2.07,14.34118223,17,118.4595823,20.2068468,16.36100661,0.640419029,23.34802136,103,133.0,1.422930809,133.0,128.4497967,61.42,1
165,2.12,14.40861759,21,120.8833705,27.5318751,16.28569429,0.493447542,33.47547111,110,157.0,1.71317914,157.0,153.931262,5.03,1
334,2.29,13.88559387,20,110.9093391,26.81682487,16.28726037,0.63569419,33.01614686,105,159.0,2.020011044,159.0,158.0199298,4.3,2
449,1.75,13.95974459,19,114.6191606,24.32791728,16.22305051,0.654163538,28.98503709,110,140.0,1.523343521,140.0,141.8910236,0.0,1
597,2.51,13.39559369,18,99.40736607,16.54818031,11.59066026,0.370450382,19.11360286,93,113.0,0.715128032,113.0,112.3361169,1.66,2
724,2.51,14.26156898,19,63.38382892,11.76111594,7.388696362,0.307696106,15.11910901,57,130.0,0.772011597,130.0,130.4821429,21.72,2
147,2.2,14.35952676,20,127.8907844,28.25565804,17.84568451,0.593602456,33.57641873,117,153.0,1.85292807,153.0,150.3342235,4.12,1
693,2.05,14.48996506,17,94.86393893,17.63068807,15.29999709,0.530697806,21.67466564,83,151.0,1.271678084,151.0,145.3941127,27.75,1
132,3.11,14.24071496,20,117.2641901,27.27597767,17.04010632,0.543357615,33.34131666,107,161.0,1.869011999,161.0,157.7781808,0.98,1
379,1.75,15.02710668,19,124.6738481,24.47174484,17.98767412,0.422837842,29.75752366,106,160.0,1.2558608,160.0,154.715342,22.3,1
239,1.92,14.6978184,19,129.2301698,30.54119037,21.00078369,0.464977859,37.20142762,117,182.0,1.770137505,182.0,171.824996,8.89,2
300,2.29,12.85037371,19,137.029556,21.16257847,14.24937623,0.253562085,21.85073452,130,99.0,0.464841999,99.0,98.6408243,29.46,2
526,2.07,14.32078474,17,124.0930923,22.92884312,18.42930038,0.655741577,26.42970731,111,138.0,1.604541575,138.0,135.4620735,61.42,1
609,2.77,13.67117346,18,112.1230269,18.0010798,12.36081867,0.353194518,20.19032112,105,106.0,0.725607744,106.0,108.204839,25.73,2
217,2.05,14.98757532,19,99.78176818,20.32685821,14.68684306,0.375993815,25.56804713,87,161.0,1.120733638,161.0,154.6618104,13.26,2
613,2.07,14.36670549,19,123.28978,23.89330208,16.79780882,0.579312773,27.99086248,110,140.0,1.5278816,140.0,137.2434829,0.18,1
66,1.48,13.72780103,21,119.4815649,27.5179118,16.09054249,0.695701127,33.00220941,113,149.0,1.912338151,149.0,148.1412229,7.21,1
721,2.51,14.00990099,19,58.54671556,10.92774902,6.826244388,0.306656298,14.06562086,54,127.0,0.755469467,127.0,128.2566765,21.72,2
146,2.2,14.31645959,20,114.1105309,23.88247459,15.08710729,0.54094422,28.82376815,104,145.0,1.632716426,145.0,142.839784,4.12,1
316,2.29,13.71313309,19,108.4183873,20.2741812,13.61497212,0.518344669,23.70566435,102,123.0,1.19895339,123.0,124.4021445,13.59,2
244,1.92,14.50344334,19,115.3894093,29.39110826,20.76794874,0.452973602,36.88655131,105,194.0,1.643182374,194.0,183.8625239,8.89,2
92,2.12,14.42378686,21,105.2407924,23.57987407,13.514467,0.403303266,29.45656766,94,154.0,1.366757863,154.0,151.4877033,5.56,1
318,2.29,14.05111093,20,115.5465561,23.73635742,15.06278958,0.551439547,28.15291717,108,136.0,1.48720463,136.0,136.5147082,13.59,2
174,1.49,13.98345689,22,108.3900869,26.57656675,14.51191766,0.534905445,33.12406543,102,159.0,1.770565723,159.0,157.8702766,2.36,1
387,2.66,15.10390001,17,98.12551818,18.18638986,15.34230949,0.380946298,22.88795883,83,163.0,1.011880556,163.0,156.0117188,19.2,1
48,1.48,13.62981921,19,108.227559,20.9526996,13.65754895,0.54058725,24.74186345,102,128.0,1.230061812,128.0,128.1736886,46.5,1
135,1.38,14.3203678,20,129.884646,29.46864507,18.64730249,0.635820193,34.88586132,120,154.0,1.948217964,154.0,152.7097816,19.4,1
78,6.72,14.64672957,19,135.5762516,27.38452917,18.36969865,0.512860037,31.9193391,121,144.0,1.502242843,144.0,143.7710061,12.25,1
395,2.66,15.10565967,18,108.2438018,20.5497832,15.35954157,0.374010844,25.63830559,91,159.0,1.071039284,159.0,153.4961137,19.2,1
554,2.51,13.73599116,20,99.96492347,18.93439563,11.61046769,0.481047983,22.64047126,93,124.0,1.033953826,124.0,124.218471,4.44,2
194,2.2,14.37510324,21,106.8941327,24.99122902,14.13309883,0.440135395,31.29190154,96,161.0,1.562563683,161.0,156.3808992,0.91,1
459,1.59,12.95464084,20,113.3377312,23.86956018,14.09628264,0.711149731,28.08881727,110,132.0,1.279581995,132.0,131.5745775,0.0,1
605,2.77,13.22809957,18,104.7598852,15.70189551,10.2608284,0.230711566,17.33688077,100,96.0,0.468070223,96.0,97.63075973,25.73,2
660,1.75,14.10173842,20,106.1120057,23.34102128,15.062719,0.507426817,28.76426195,96,155.0,1.774075568,155.0,150.1882972,10.81,1
163,1.48,13.83673839,21,117.3541534,29.7078834,17.2178968,0.588189884,36.4683441,111,165.0,2.309365617,165.0,163.7767658,2.6,1
478,2.77,12.42488099,19,112.9925263,21.42771834,13.28054817,0.421931466,24.44445172,111,118.0,0.58222252,118.0,117.799147,0.0,2
468,1.27,13.80485698,20,117.0002392,25.88754051,16.8448634,0.750063726,30.90636112,112,147.0,1.878444506,147.0,146.2216199,0.0,1
376,1.75,15.02203916,19,120.6275112,22.98744815,14.88817724,0.338336662,28.32165652,101,152.0,1.065227397,152.0,149.1370974,22.3,1
556,2.51,14.24464755,19,103.7203245,20.84757548,13.47603886,0.493921895,25.37844099,94,139.0,1.393413589,139.0,137.8260922,4.44,2
496,2.66,13.82241934,20,69.19158156,9.663615892,5.699832635,0.15167536,11.44865014,61,96.0,0.370121863,96.0,96.38585058,65.56,1
46,1.38,13.93944029,19,110.2930086,23.31716138,16.22562368,0.643578852,28.07587025,103,146.0,1.766634273,146.0,144.5408163,46.78,1
315,2.05,14.13418613,20,121.1216119,25.78199223,15.43802094,0.585698752,30.61238991,112,142.0,1.645982428,142.0,140.4693479,12.44,2
52,1.32,13.98275807,19,106.0424107,21.73731401,14.76721916,0.563481382,26.24130954,99,139.0,1.531173799,139.0,139.571887,48.55,1
100,6.72,14.59769638,20,104.0108219,21.48224242,12.7606842,0.392550808,26.64406541,92,144.0,1.20900723,144.0,143.4782964,5.68,1
169,1.32,14.07345629,21,114.0530134,29.92573186,16.87846855,0.489582712,37.33901687,107,173.0,2.141876175,173.0,170.5571987,1.81,1
617,1.75,13.56354005,18,99.71470424,19.05639889,14.04645017,0.728031108,22.80496521,93,135.0,1.451494867,135.0,131.9719786,0.21,1
225,2.29,15.02927265,19,109.5515984,22.46101392,14.56042416,0.34989428,28.4372197,91,165.0,1.129830936,165.0,159.4474649,13.35,2
87,1.38,13.92134858,21,97.55618224,23.25533447,12.89902187,0.475379975,29.34244788,92,155.0,1.625447345,155.0,153.4893575,2.73,1
586,1.59,13.82784538,18,106.1685268,16.73689918,11.28142285,0.342936899,19.05491461,97,107.0,0.713313738,107.0,107.9251036,23.77,1
519,2.77,13.73643493,19,103.1084782,17.22108709,10.9383041,0.360772946,19.96221763,95,112.0,0.740631223,112.0,111.8339246,50.91,2
95,2.2,14.02222178,21,103.3486926,24.54894758,13.54243441,0.481726955,30.73030642,96,156.0,1.690854317,156.0,153.835499,4.33,1
327,2.5,14.02260404,21,127.9163146,31.64829375,18.89597785,0.631604375,37.99815814,120,164.0,2.507539228,164.0,162.0442443,5.62,3
249,1.92,14.77016751,20,125.9290697,30.03417566,20.08967297,0.44331006,36.92950322,113,183.0,1.724018489,183.0,172.836376,8.89,2
507,1.27,14.24913269,18,106.1198182,18.84366238,14.03403831,0.525802182,22.28162828,96,128.0,1.131384152,128.0,127.8647959,60.16,1
471,2.51,13.12275995,19,112.0734813,23.13773772,14.77925119,0.678412816,27.20306444,108,133.0,1.444442587,133.0,132.2107781,0.0,2
549,1.27,14.05809192,19,105.561085,17.42522803,11.97888641,0.417152511,20.30746939,95,116.0,0.942697834,116.0,116.4660196,55.97,1
276,1.92,13.98194029,20,124.7541255,26.63742261,17.02455256,0.7231383,31.23907507,120,140.0,1.486054078,140.0,141.4838568,0.0,2
71,1.32,14.1312092,20,122.0276028,27.70624799,16.79691377,0.625009191,33.19696957,114,151.0,1.838508178,151.0,149.9001315,7.34,1
677,1.27,13.69551742,20,107.7557996,22.97645686,14.11766852,0.570024429,27.76939813,100,143.0,1.785612753,143.0,139.505401,4.31,1
192,1.32,14.03489812,21,113.7312859,27.50617209,16.34797854,0.598313201,33.81175238,107,160.0,1.972937679,160.0,158.5456792,0.74,1
67,1.48,13.81740287,21,123.1905891,29.49461261,17.19465355,0.685565686,35.44167922,116,156.0,2.22592103,156.0,154.6802256,7.21,1
430,2.77,15.03102881,19,116.2648677,23.27538335,16.47613523,0.419546908,28.73763809,100,161.0,1.250361021,161.0,155.2169962,18.6,2
84,3.11,14.19813227,19,114.5354951,25.23561937,17.34268123,0.561433053,30.58559371,105,155.0,1.705720459,155.0,152.4481425,14.96,1
544,1.59,14.11845066,19,110.3604313,17.87235539,12.07571972,0.432480239,20.57616293,98,115.0,0.942222802,115.0,113.7790179,45.07,1
233,1.92,14.81545899,19,128.4340322,29.06877043,20.1924242,0.504244113,35.30080308,114,173.0,1.711128217,173.0,166.1894731,8.89,2
326,2.5,13.99880055,21,121.0582549,30.46562533,18.44620609,0.610590821,37.15584752,114,167.0,2.433704357,167.0,165.4667969,5.62,3
447,1.75,13.91389773,20,120.0895448,26.47130979,17.38344386,0.750846258,31.42342683,115,145.0,1.679957608,145.0,146.349709,0.0,1
312,2.05,13.83560585,19,116.9679129,24.63212444,16.30774564,0.664617226,29.10160518,111,139.0,1.577973709,139.0,139.5923748,12.44,2
254,2.5,14.58698591,19,115.594308,28.25867875,19.64967055,0.449867495,35.28448952,105,186.0,1.781466225,186.0,176.2930285,7.68,3
157,3.11,14.47715724,19,110.469308,22.38201193,14.85344865,0.49213868,27.17047461,100,143.0,1.477067534,143.0,142.5615633,23.27,1
482,2.05,14.11889879,17,94.99776786,14.56239124,11.2888535,0.340413442,17.00385613,86,111.0,0.703155113,111.0,113.4495775,77.01,1
428,2.77,15.13966496,19,109.9674546,21.42942909,15.34780184,0.371420203,26.65712777,94,158.0,1.128894731,158.0,152.948282,18.6,2
587,1.59,14.01867291,19,104.9618144,18.34248611,12.41451002,0.465961239,21.5063187,96,120.0,1.029169461,120.0,120.1417012,23.77,1
384,2.66,15.1108881,17,93.02471301,16.10024854,13.87099681,0.345932956,20.31079727,77,157.0,0.868111364,157.0,150.9365234,19.2,1
679,2.51,13.90444908,17,113.4025032,19.43031015,14.88535352,0.643194735,22.34122716,102,125.0,1.133405419,125.0,122.4038783,2.77,2
206,2.05,14.88932414,20,106.3816964,22.62738648,14.32168508,0.378448074,28.47832054,93,164.0,1.302367847,164.0,156.0999283,13.26,2
560,2.77,13.35193474,19,111.8805405,17.27488059,11.36384238,0.265026712,19.07946801,105,101.0,0.51619337,101.0,101.649992,42.7,2
207,2.05,14.94238786,20,105.5716279,23.43258237,15.06138546,0.363976615,29.71981839,93,172.0,1.328364812,172.0,163.1478795,13.26,2
491,1.75,13.76800969,18,91.70501834,14.44740563,9.879561556,0.328585517,16.88912313,83,109.0,0.648950554,109.0,109.1320751,75.9,1
729,2.77,14.29421166,19,73.16882573,13.8295346,9.448605724,0.386568891,17.56507963,66,137.0,0.929398159,137.0,135.069316,27.98,2
662,1.75,14.10536616,20,112.3901068,24.03489359,15.47002979,0.54426177,29.15928522,101,151.0,1.87639403,151.0,146.0523956,10.81,1
533,1.75,14.09561719,19,104.7829839,17.34966226,11.96529725,0.485102653,20.3632236,91,122.0,1.159565709,122.0,118.3772321,63.76,1
644,2.51,13.86521386,19,100.0338608,18.93851032,12.08806728,0.534775714,22.73771694,92,128.0,1.201873959,128.0,126.9659798,1.33,2
448,1.75,13.98736444,19,121.0786232,26.14831929,17.32568982,0.712793798,30.91259678,116,142.0,1.568900326,142.0,144.3410395,0.0,1
627,2.66,13.80571443,20,93.65196508,17.24388453,10.97189318,0.476730705,20.89656384,84,129.0,1.212592589,129.0,125.0807956,1.65,1
94,1.32,14.01511127,21,103.4165737,25.44259648,14.33286544,0.524094928,31.98207296,97,161.0,1.772010979,161.0,159.4185467,2.37,1
458,1.59,12.53816181,19,112.1086376,23.96922804,16.90410423,0.92420925,28.22623714,110,139.0,1.584556704,139.0,139.3192961,0.0,1
552,2.51,13.98093162,18,105.1187022,23.65240858,17.89257058,0.690371871,29.06283469,100,159.0,1.908918464,159.0,157.9110132,4.44,2
367,2.07,15.0624683,19,134.8362962,27.24664439,19.62278995,0.440250156,32.65171543,115,162.0,1.366073563,162.0,156.7840003,17.5,1
476,2.77,12.96195863,20,123.5682199,26.10848218,16.03183028,0.888219066,30.09606955,120,133.0,1.33281193,133.0,132.9404695,0.0,2
443,2.07,13.08120743,18,117.1670719,23.68245189,17.82418569,0.70500706,27.36556859,116,133.0,1.130909466,133.0,135.3556282,0.0,1
104,3.11,14.22387203,20,111.5825694,25.83328353,15.34525363,0.507947568,31.90987067,102,159.0,1.707694413,159.0,155.2989278,10.48,1
596,1.27,13.63048066,18,110.814493,19.05641703,13.28714967,0.541464156,21.86237318,102,119.0,0.931934987,119.0,117.1219308,26.02,1
397,1.59,14.17341446,19,93.64588648,20.66157086,14.26506775,0.504739768,26.04801657,86,156.0,1.565744486,156.0,154.5349769,13.3,1
562,2.77,13.7666251,19,113.382095,19.27368333,12.98579105,0.452397862,21.95747014,105,114.0,0.877278397,114.0,114.6621293,42.7,2
115,2.12,14.12675376,21,113.3713728,26.56555909,15.32661651,0.517783459,32.69755369,104,158.0,1.706146553,158.0,154.8213688,0.85,1
656,2.05,14.03184357,19,108.7418686,22.79248213,15.99405586,0.633881921,27.55228589,100,147.0,1.749280527,147.0,144.769332,2.19,1
368,2.07,15.08847207,18,129.1977639,24.72431704,18.89011782,0.449351171,29.77836569,109,158.0,1.264791676,158.0,153.7641303,17.5,1
426,2.51,15.01219565,18,107.7841598,20.60571982,16.05483979,0.407360731,25.58730751,91,159.0,1.11073297,159.0,153.8251156,19.4,2
50,2.12,14.00057271,19,102.8048868,20.50542026,14.28769584,0.566437442,24.87521751,94,141.0,1.550449558,141.0,138.6976443,51.14,1
409,1.27,15.14242871,19,117.5212851,21.02545238,15.06238605,0.360561569,25.91662164,95,150.0,1.040482893,150.0,147.7885244,13.6,1
403,1.27,15.04076916,19,112.486069,23.37612322,15.6816852,0.402617487,29.14217902,95,160.0,1.291392086,160.0,157.0696349,13.6,1
377,1.75,15.06190066,18,120.521883,22.60028603,16.75815265,0.400219507,27.62314159,101,155.0,1.169726709,155.0,151.1599968,22.3,1
686,2.77,13.96340627,19,109.4635284,21.39577599,14.23693931,0.570812409,25.43637702,101,135.0,1.526406867,135.0,132.4157964,5.18,2
463,1.27,13.12992664,19,130.6327926,26.70166722,17.75694205,0.871459398,30.12148361,127,131.0,1.171015901,131.0,131.5207071,0.0,1
111,1.48,13.84464673,21,123.8296596,30.86136025,18.01907704,0.630126206,37.28622468,117,163.0,2.507582144,163.0,161.0831075,0.71,1
441,2.07,14.08672504,19,122.6504703,26.9666474,18.30852166,0.704238091,31.92949474,117,147.0,1.616524258,147.0,148.4739716,0.0,1
91,2.12,14.21993133,21,105.2404735,25.22523606,14.54098008,0.464807857,31.70427702,96,163.0,1.536643874,163.0,159.6640027,5.56,1
629,2.66,14.21824278,19,98.17699697,19.79709389,12.81749507,0.452233744,24.48644219,87,146.0,1.414837395,146.0,140.7334184,1.65,1
668,2.66,13.80163898,19,97.52840003,18.70059256,12.00729923,0.547486279,22.6526213,89,133.0,1.363790641,133.0,129.470743,10.69,1
456,2.66,13.48085166,20,100.7087054,20.03184629,12.46105365,0.536202124,24.02313156,97,127.0,1.094828195,127.0,128.7620177,0.0,1
635,1.27,13.19842727,18,103.522162,20.0329531,14.38375446,0.729947747,23.66308623,98,132.0,1.548608273,132.0,129.4834782,1.67,1
